PC1,PC2,PC3,PC4,PC5,PC6,PC7,PC8
-0.01275613641631812,0.3989171447614558,-0.3340508205369944,0.10182634138383734,-0.525314028545547,0.2864400523374886,0.16991877675904116,0.13477023925804404
1.0845156525018287,-0.011767270262107554,0.8236362712831234,-0.09448156883115716,0.022870380917107996,-0.03824344253636869,0.12794331221733976,-0.6309651848333706
1.0262588994016903,-0.13900586606307896,-0.04409745295336906,-0.5093370798064727,0.12147504762761854,0.11330289993627218,0.3505968037428845,-0.19530718077335507
-0.07269821649573266,0.38541817655852284,-0.34849501456176224,0.1821080585852864,-0.45050166513704526,0.2697823150736065,0.14131032789064413,0.01417126139429914
-0.1882700589839661,-0.5927695317445505,0.9274635078844625,0.032337800571292596,-0.7254255645689655,-0.04215396304179819,0.3853326281682217,0.2931812168726066
-0.3839145146262825,-0.6265968762363388,-0.07811695557208345,-0.2375303200063315,-0.32343922424353677,-0.2953939196027334,-0.08515601355035363,-0.2850257949179915
0.20772465574029275,0.0925517832785222,0.10383812008537684,-0.8990580046753167,-0.39384323185316705,-0.5257207650308924,0.9133178625663877,0.643966378084754
0.8674260241453351,-0.05056984581058299,-0.16823973764453254,0.03350012608645997,-0.021532408939120534,0.07748108464656578,-0.29282418784906417,-0.13185434818848185
-0.03332458075621214,0.386667976788459,-0.36751777935914554,0.11484499125731368,-0.38230986177534243,0.07684261280625626,-0.20667033113059263,-0.36631294950575033
0.9342627737035611,-0.12235638482077793,-0.06393924181631341,-0.21339627160178398,-0.03032204179612738,-0.3428789956359092,-0.154353916247863,0.25785601369936223
-0.38333807901928685,-0.6328059377067674,-0.07274261337221115,-0.3122274712990217,-0.28373340056675933,-0.13916258371713786,0.3736118933240835,-0.07230174242549542
0.5838143758269356,-0.875436235150632,0.7642707584293063,0.26725558702014535,-0.057980256711263584,0.20446267153945974,-0.05999151939902969,-0.5517833172932448
-0.7626862192287956,-0.412681501657709,-0.26561904993804225,0.19387933734180268,0.06332042801872542,0.05049561550399595,0.22455390996665547,-0.15329388200351718
1.0828704761156012,-0.10081181971200459,-0.06512471253477942,-0.335676569470436,-0.19572801291145012,0.2859103429400798,0.17433767576451636,0.41068272863751804
0.7211748933405187,0.029546072071046314,0.5603518877751107,0.5157866834708882,0.18190143742353546,-0.2565850151920658,0.5286024259911988,-0.25305092003520446
-0.6752638092377692,-0.4359457567108632,0.0559285064673815,-0.07859063366420227,0.028264425635886187,0.05209187494279388,-0.4226151462881339,0.18826843627951012
0.964957081521755,-0.07132915115218375,-0.1575806256555095,-0.13442217538714202,-0.036267619475509355,0.05120567345588822,-0.20384434531071993,-0.10037958656367374
-0.6879395449632432,-0.4733568919615576,-0.19009959197347387,0.08669986389689982,-0.017470174667580163,0.06255673309804322,0.1737458084795041,-0.00424598556670136
-0.3563863641852163,0.5865245116582679,0.722169132525939,0.5032364399945557,0.08788384732616375,-0.14406286147585456,-0.15142159088909452,-0.15940457710593953
-0.13559962290318966,0.4018174709441106,0.11629806095062188,-0.5800388701441407,0.19372346432879986,-0.2052608515548603,-0.17874706875513696,-0.04195993290933436
-0.5113260369991006,-0.5552746620199469,-0.20008940287035681,0.16813871591229818,-0.49911290758542426,-0.0066917094883590655,0.16680690520571068,0.3634005194782242
0.7998897669440401,-0.06153022509407746,-0.2113409084317312,-0.11405823200941495,0.24383088212497198,-0.41022407498365904,-0.01603100524432005,-0.21693545424243302
-0.8076493032152552,-0.399943217914747,-0.0197131737932352,0.09786190606656381,0.13786984946512007,0.02222575699004592,-0.4177612589265468,0.013870626889285809
-0.7625764687922261,-0.4167406643735889,-0.027183815078826196,-0.16819943601987924,0.2910981782759616,0.06137006256946176,0.21461833567898364,-0.14828705012733995
0.44604087711352547,-0.9512007943076912,-0.0960298841064978,0.029696154945663633,0.022739597442911902,0.20765767080900677,-0.3194189569607182,-0.3076629519930908
0.2759722982696715,0.16896224185091158,-0.28997609592916634,0.4044921725005896,0.7659474575632661,0.0358019394033573,0.08353351683841179,0.15927097910025495
-0.5572152312382452,-0.4045952534267275,0.8135078802639972,0.5505885910098252,-0.42047778559103055,-0.03350884276256494,-0.2402082785494113,0.10466927768147422
0.46979768708791003,0.11624978845434641,0.8804384639145952,0.4058856146204863,0.5830840492525452,-0.6122607008241652,-0.06395668733461352,0.17518673534749934
0.4196817156025965,-1.0671087020312737,-0.0696710531433739,-0.19346395998717547,0.20891850704597217,0.11399537600824994,0.6436709617772367,0.18444914574300592
0.7647664137443075,-0.16127537349411597,-0.10058897641305929,-0.3895872809958079,0.44402979021931555,-0.7734032056914765,0.5990985051333915,-0.06488488965454031
0.8684659958327685,-0.02657382304845135,-0.2475345250020291,-0.01304614627447992,0.06000513077063355,0.1767060680891206,0.28399601414922515,0.0012582146407494887
0.7671014053823964,0.018386176844252256,0.08505718500400435,-0.3673200233130651,0.4250516143429467,0.4455195652498163,0.007390382523366462,0.3433080340412881
-0.45342082096743863,0.509885361190403,-0.2301324196676755,0.12222178277416745,0.27226990914941174,-0.0017980562234665154,0.14758591828463447,0.09042801628026415
-0.1438426934223777,0.38343149280248034,0.05455332699130172,-0.6101486765177719,0.25921841499768294,-0.04407177622331093,0.27007428040915277,0.034507852044397935
0.3511177750432627,0.20265845801088478,-0.03123960514913489,0.13950585522678588,0.8022874108038172,-0.008617307368895877,-0.43127616699784654,0.4048110282861667
-0.20093901453426127,0.34795890315651345,-0.32141013119492123,0.23236349795952277,-0.29036126685079117,-0.3231013783424319,-0.22296885495165913,-0.15658066192900827
0.8482401104938038,-0.0735462524063244,-0.25255898462725807,0.06799492472028651,-0.006258708040379285,0.19553346976210184,0.17498442769584552,0.060379283368197034
-0.1189492460632321,0.4694588462631252,0.0186708276164132,-0.33701230190483544,-0.009581110599695991,0.22423973343447057,-0.32809165783242455,-0.09574927435523584
-0.7289761701752808,-0.46947043541497924,0.060502951561382495,-0.02346556399296834,0.07370786390832143,0.05859728112550222,-0.4977287897309979,0.10036768393254508
-0.15295479656268007,0.4616027819401475,-0.03475537074820119,-0.32130012099288163,0.08753401092692056,0.1999967284145201,-0.2981681138495512,-0.2887000065212322
-0.5822040189111627,-0.564998395240186,-0.21354367478308744,0.23116434844098838,-0.35444518191160224,-0.16799100305871328,-0.30026674091885364,-0.15882916049706314
-0.671783813214658,-0.5152807167324664,-0.1519425316592499,0.0641109629927929,-0.06691478853258312,0.09526632975278226,0.0883331951439277,0.05260498123512608
-0.25495604017664314,0.37636950028554017,-0.4301464079014322,0.2801017666125902,-0.17650113985523014,-0.19090103850199736,0.2871038841127086,-0.13843548658674792
-0.3108142766113753,0.32854528945307826,-0.16861050490676244,-0.13317078776881203,0.18180091928012973,-0.6299025601297565,0.4159738133008586,0.005592942630141595
0.5151354951153592,-0.8463349095631194,0.816803144396431,0.4409104680891442,-0.21308152665005672,0.4158439861213661,0.23497563079448927,0.019034581246229143
-0.6299153450243404,-0.4849385933775201,0.1858203937454757,-0.2770100948765056,0.03122449758575005,-0.03234350259639185,-0.38259888323295466,0.10261169389102903
0.8067518511114584,0.11668338027323388,0.4961503533894447,0.7516443226197085,-0.18633053860323232,0.3129164761884826,0.27962119099683724,0.1308801719597263
-0.807204473249371,-0.26805375391606984,0.9731957690810804,0.33755555392058073,0.2570929933962164,0.13492107759917227,-0.314757149095539,-0.06290948779967537
0.3862626838630999,-0.9360064043172791,-0.19854152638956096,0.11891561070243689,0.09973330700637742,0.32721383992899966,0.16910124796650355,-0.21161866120006312
-0.34139736190881736,0.5530716830578831,-0.10846314655574676,0.11586044663790801,-0.07459087947134799,0.08399318683195767,0.06107553361218465,0.713842901333257
-0.010316486851055406,0.4683047597344391,0.055908130760796496,-0.4994998637647752,-0.1362422893381309,0.41481964915064884,0.13472376607232703,0.3696578455740804
-0.20899112203451475,0.5416996505040731,0.10721678441317552,-0.5340085279168177,0.3373676296720233,0.3071634749374623,-0.32122820631944116,-0.18504656124970043
-0.2022293886319938,0.38398190773763796,-0.12717563965614065,-0.1640463286288572,0.008878652219393462,-0.3225404655648848,-0.14641642143005162,-0.2835323022527386
-0.1176475354096933,0.4436513119627806,0.053836595592220496,-0.4003708505871437,0.05921504622787385,0.22195540625921883,-0.33554585443282126,-0.18901176583048318
-0.25793383221429467,0.4218895557697556,-0.1712652327017557,0.137119590858301,-0.14645730590711575,-0.207568744652452,-0.3129679569128224,0.11528552198362169
-0.3749173991045916,0.5024129460201682,-0.3357967628682547,0.2534108631337834,0.07210427341328043,-0.25520831211870965,-0.17540565501195704,-0.3005105285462748
0.8228591621408896,-0.10506439182357519,-0.13697750073593828,0.021338857721168503,-0.05131181135872745,-0.35921358422417105,-0.21107088765210547,0.27472280808571575
-0.3017306864787266,0.5471650026326139,0.7353805522299846,0.3363739145060021,0.11640118432826987,0.02748607476215792,0.3002129678803364,0.025628188060251744
-0.2664854565624436,0.5102147683476893,0.12869063441430034,-0.384378047328002,0.29918629298701416,0.3401793359098648,-0.46847881725382345,-0.14856059865894633
-0.06607112834365092,0.4600171623343997,1.0130482378729704,-0.2907896505130349,0.13981708273084356,-0.31685255658258604,0.0944895358477354,-0.44210677153575173
0.6362633518505529,-0.151165198332604,-0.24055942805478903,0.027654011403063006,0.37019334155257955,-0.6686725117559136,0.3928695584622281,0.0983271255533194
-0.8777276391654865,-0.3537796648186828,-0.17653157609144982,0.17322052791035708,0.2795164956950379,0.1410265784115332,0.13001956558431332,-0.03686224321542514
1.0885706742058667,-0.17045826258768498,0.04941518575903185,-0.5843887778316178,0.05344419407392956,0.008364215497511651,-0.16984762195662384,-0.35123516558705964
0.812102182747209,0.013866088926593245,-0.2778076122456768,0.24033594126296748,-0.04345752767768571,0.1442469301330478,-0.312908817150093,0.04772061861564503
0.8217657567387486,0.012116670399446638,0.6804575580569522,0.4485262620705975,-0.0013683145249147322,-0.38049073979414527,0.03241575496737287,-0.15842661874434844
0.6519685244376587,0.05694254854549463,-0.42088601220797195,0.48738183043649413,0.04831602114674752,0.2833836218823107,0.11250303790492211,0.0976500700889435
0.7766426021701409,0.14292891287664866,0.4961120544702955,0.8922462124496571,-0.20479631919840444,0.14638332053105807,-0.17647677563049047,-0.08391788133940015
-0.4065222646234015,0.4964992329356318,-0.15979250656571187,0.1002155552926493,0.2065393376811904,-0.14345517025456545,-0.32793843788427846,-0.036082025087518954
-0.3473666099065173,0.5969387032345116,0.6857404156538356,0.5383759599865934,-0.03872225545629979,0.05219035307237574,0.24336847498204744,0.2511764768535009
0.9428268579754737,-0.0016531059506355028,-0.16538368326639175,0.010459007840987133,-0.15247119311765275,0.18460213492495137,-0.3043463291070504,0.2712718015333328
-0.2608419080210077,0.42274011074972806,-0.24453442511235957,0.08203909935843962,-0.07835053752525095,-0.06945269152864852,0.19441345057179463,0.2186151744889741
-0.16479042132535413,0.4719648194211533,-0.0444507310447437,-0.31843154075183966,0.06359804789673376,0.3873387538980393,0.11293306971207143,-0.010092000695239745
-0.24155378941162847,0.5159391196190829,-0.036028306836403165,-0.03860182899753811,-0.07855767298189795,-0.11163224207863753,-0.31356690835171586,0.5216695044078514
-0.3586623645323152,0.4474147744517999,-0.3538677305705654,0.21067244287353754,0.052206745994976655,-0.10400475320495417,0.23364311327759335,-0.04350511436334631
0.25807813123001544,-0.9773640857932115,-0.13706159683353064,0.17097780104848642,0.2141577021632087,-0.07648880965175986,0.1872011981059219,-0.0357206692642818
-0.10287839773839924,-0.7117275994024677,0.2738194349980123,-0.8523133251641688,-0.5182902350365216,-0.2680032884857051,-0.08630477398715947,5.393938119951924e-05
0.31981369059856823,0.3546451211561893,0.8185147666562316,-0.13769994584510864,-0.6843671349323274,0.22845543957761083,0.4408350366903173,0.004752134591984203
-0.8176594045055618,-0.38591263796488023,-0.07773171456244019,0.12240744662181063,0.1603802273932479,0.002236130124908753,-0.3711194023195856,-0.05281251780227075
-0.6205123795829494,-0.5383511462648257,-0.2848951206903439,0.2433525119407684,-0.2692389724594503,-0.043378920494671847,0.21703730100147806,-0.042263558951991353
-0.21674238357606024,0.4977107230941994,0.633202276191236,0.5398376438435413,-0.1710435468530152,-0.25808557258630493,-0.06351969567622334,-0.20423313282724095
0.26810074334689393,-0.928093366326655,-0.16007895366009195,0.18588163706009025,0.22078741925098191,-0.2581271540974559,-0.16523667563394584,-0.2868798246856328
-0.5438950326604963,-0.5523625620886864,-0.18836247925247251,0.22085706457484872,-0.4370531113451277,-0.1587210967217223,-0.2978631435935264,-0.003904974706188391
0.9689131706531677,-0.08681185170601502,-0.18614827804913409,-0.11761408839108095,-0.09558178679605497,0.22314528048122462,0.2001102673588308,0.21426688190176651
-0.18439429300489713,0.29825015236884245,-0.21206087599113693,0.15330098654917984,-0.3984129100075722,-0.7282171836351305,-0.16171942200697825,0.4159175505062565
-0.6375859198440473,-0.5310429653462898,0.09353961476971377,-0.4044101356715961,0.19782391659592555,0.23716771776875611,0.5804997341963636,0.2915246973032017
-0.7419112533248062,-0.42787845862245777,-0.011649731729814261,-0.20044574753047734,0.28051986976065146,0.06275977943387279,0.2126818092464396,-0.12780396162825763
-0.2556997741826993,0.6503557205611606,0.6818058665174178,0.46762411511231144,-0.04211020997223222,0.45567536507654505,0.22618168680605533,-0.03593070706803958
-0.22082849897555262,0.4384024545775099,-0.35529457808079623,0.15121528846454774,-0.13067493750810738,0.34088324786421387,0.0955396783345239,-0.11960758493691037
-0.5523132867913649,0.511403277208447,0.06768063431854777,-0.237707863863778,0.6101900863020366,-0.5662591306787219,-0.19169528568338323,0.048965210263561154
0.7788055218177292,-0.07894892626499095,-0.2145869306305615,0.0507427297484922,0.11142168928316973,-0.39766445121591515,-0.12123952332383459,-0.021322108076782642
0.6831613193073653,0.013000577760853727,-0.422109206795763,0.3541872837167683,0.12415072409832031,0.2980785107147872,0.11209280929997767,-0.08549152557139206
0.10032069243643038,0.33320063127368305,-0.016166942405447082,-0.43285981561010484,-0.3105879715057165,0.12491359086603016,-0.25858521747548746,-0.07861171164458647
-0.15130278023707633,0.4193161749298585,-0.4471483531903424,0.2537350358180594,-0.28352251947334994,0.24561538548988837,0.2048986236355246,-0.31216105396373195
0.7443249449570135,-0.06115909284150378,-0.22983980261155912,0.13252935324224008,0.11540644101193484,-0.4191648969067161,-0.11133107724352487,-0.000280096017672149
-0.19050519956280465,0.40402075057331566,-0.3662815661776734,0.2609907954900235,-0.31706622855452904,-0.3437849198574927,-0.1351172823149569,-0.10265718443300292
0.7081603423613387,0.022224625095085715,-0.39047612734835047,0.43933277860735426,0.07080786459826752,0.09428787168765318,-0.29806083226437186,-0.1886414074889351
0.9351072582469175,-0.09128628352200885,-0.2081472336325264,-0.16870317159660958,-0.005790207269367659,0.23394139534949843,0.2039980629649522,0.03821316000109831
-0.21121623003133447,0.4339293944592292,0.9331291672892059,-0.05572369625388629,0.13862815837926587,-0.47925997177945606,0.4800263682760434,0.24961957199284152
0.1623143214236874,0.2946310164975676,-0.11183307716704621,-0.32872745112419466,-0.5154420713481865,0.041414612582526544,-0.19209649192570477,-0.2023590827800975
0.9128621207253838,-0.02446462316733311,-0.23107237864645702,-0.12037200623035987,0.13209594254678883,0.0067959851410627214,-0.08507122031134873,-0.3732887333751167
-0.3465017484020262,0.4209211857828762,-0.35195575109397037,0.20611282181617346,0.027511737621395305,-0.0929974460606302,0.19601114920549417,-0.03383309732888523
1.0043278936182811,-0.07486862188078491,-0.06592666624210265,-0.19511977900952895,-0.14698335485742534,0.11035082928290008,-0.28238000660170015,0.1113025756232055
0.9692265692789999,-0.08559476589991921,-0.16663499198069542,-0.24713871957675576,0.0013263925080021777,0.23091704471538366,0.2376179812608886,0.07076476247047053
-0.9093637786241686,-0.3459691059243925,0.054672720239968525,-0.04673902852599077,0.42635170349881824,0.28792368974365967,-0.042559496991261325,0.23976463449562918
-0.027227337946545305,0.24842877324842338,-0.1610478251883372,-0.1830616671069571,-0.31778053040977206,-0.4126443238994535,-0.13006109537975202,-0.21697837548744717
-0.31714087889404596,0.5133644648601857,-0.06364133816645146,0.0823458955419511,-0.13651726747555068,0.10262129807512355,-0.00415163178280703,0.8175498361747708
-0.18042869916202947,0.24013988710459844,-0.20254577297847087,-0.1291033160525853,-0.09255120686260365,-0.70882905865051,0.45245828229697505,0.01466943205670157
-0.7722085852731475,-0.40241894645943144,-0.0348453200485325,0.04845192978227314,0.15733248953707393,0.007327537260977346,-0.36820307973676003,-0.03281778910909178
0.43534407406357367,-0.937670518102305,0.9643045386901816,0.29120198670417824,-0.02921281079688262,-0.6026810282229198,0.012326353375028853,0.21538894476561438
0.1453234678699642,-0.9453327029728207,-0.250462464842779,0.5028554331835007,0.15466197755750502,0.03337149364896996,0.02305908461806805,0.14374149894751048
-0.344270450797383,0.43923501299024437,-0.3683194083884121,0.20360384542904914,0.047657537155532226,-0.11486824223792669,0.2485618826350699,-0.0492132069850833
0.9143954257871458,-0.09731511662611425,-0.2002545744406926,-0.05060167943860988,-0.007871471569169314,0.20802693190721833,0.18069384601600727,0.06936058311858967
0.25514316271036386,-0.9557232917289774,-0.19088927466246353,0.17642727504250383,0.22185494956213345,-0.11399874361127016,0.2658093931894308,-0.04364824735637024
-0.21808711682423199,0.45390244083577336,0.2119904568152029,-0.6152001702478185,0.25700168171991034,0.09505357350529353,0.09534466132376856,0.5457543286180142
-0.5619032748564328,0.6298400802404053,-0.14050503506748777,0.08889776966119539,0.5200211349133779,-0.07203970494259848,-0.30698138867191527,-0.07719120858993461
-0.21307421783465536,0.36058458500704005,-0.43719233087672654,0.2351870042644601,-0.20137068433172997,-0.21914677841610986,0.329708653885673,-0.09085562357825466
0.8886697458266872,-0.011119401092978043,-0.2684068766659687,-0.06309276536803193,0.1459537004617111,-0.00945099117297421,-0.06603768122168846,-0.4050435725084027
-0.7757895909208823,-0.40810986574610514,-0.04470067317530871,0.049776306847592766,0.1486219964329152,0.013791527280988536,-0.3811678272523096,-0.037156422874348005
-0.10185327353709739,0.4415767886631644,-0.43249876642175245,0.22890859720859308,-0.3254882235692975,0.050187853144436745,-0.15221861157076466,-0.45003312873022866
-0.23619314602188177,0.6005948745639754,0.9066339200607896,-0.015045957190077563,0.26557569189318264,0.49381379373603496,0.19640325724742716,-0.24717751462947002
-0.4398680816255585,0.5041643319525254,-0.1855659355953615,0.1419353747609043,0.22303554016391217,-0.12533434564397194,-0.3546359694500174,-0.09971559005811631
-0.17689824383579103,0.45890166903289875,-0.16425242720183675,0.13022127250920118,-0.25648113851201493,0.2638814571102346,-0.46198511480286797,-0.0661833736408105
-0.015553410740244744,0.38472290814668597,-0.2859351642451931,0.18071403673543734,-0.6145256531740438,0.1471021677518085,-0.3544109539949257,0.03569706767573655
0.9416684788264458,0.0651176646413909,0.6502499038935181,0.6420343189088829,-0.39804280367862777,0.20405347728796985,-0.2573466098128552,0.25950887045911436
0.3179272932088886,0.28170853689980446,-0.1873873717084747,0.20794543635084978,0.9020028948879609,0.5710619223492108,-0.0318802927277364,0.07733870282606631
-0.3802410870300584,0.4802726246313599,-0.37085941119471305,0.22958787685023668,0.09025244547212843,-0.11470164159942176,0.2762859311683532,-0.0870621435867796
0.6761628908724746,-0.0317993113935231,-0.21914329469076332,0.4479027464561504,-0.18139906420162052,-0.22556364952213226,-0.4180952698183914,0.6172916929780152
0.46894891953369844,0.07853033780396079,-0.13212752298019345,-0.05315538074068832,0.7490450279651644,-0.06729704816952897,0.2229012150840719,0.09650634079519954
0.04556108981722429,0.3330527677463324,-0.23692375458387144,-0.17112985147990029,-0.3600827267855714,0.008034349901209992,-0.1472550350176216,-0.5135666286638577
0.7492048677431449,-0.13283150273361322,-0.09781068812330244,-0.07732084303394016,0.2129439820543644,-0.8241909224903361,-0.019018425000259243,0.23244698372394973
0.1445225469930712,-0.9272553653438838,-0.32872358748116964,0.48730276256814425,0.17366964624875628,0.010259256879479484,0.09843111123868947,0.07104274914070102
-0.32462027299549,0.4606615915685789,-0.1378715289198772,-0.07637786590341067,0.13936348584320504,0.05681632436748019,0.09409003804705873,0.2864941139924894
-0.615294734180039,-0.4967520367671385,-0.11318313148668427,-0.1409627880733429,0.04525901914735328,-0.06442151165339993,0.3312315516258739,-0.196227059202042
-0.1688848282010162,0.3415501810647551,-0.3585442658441758,0.10773000589409837,-0.2022961388198831,-0.17002731403540294,0.2861819033024296,-0.08402826216845366
1.0767770337518452,-0.05408439977606272,0.7913141391162856,0.008840140159855847,-0.03230732755971735,-0.057388546817796704,0.07376170777745716,-0.5814178106458625
-0.1158301774019988,0.303486616551217,-0.04484319701473755,-0.4836837407594537,0.05407728189084268,-0.2578738941856631,0.3801608770824545,-0.2402615431274224
-0.892740808572109,-0.33782359032597015,-0.20861701582317727,0.18897942869360923,0.2870315172937735,0.1284514958050209,0.16092714507486278,-0.05185153092035005
0.9339395949525378,-0.06392811566322065,-0.22368664336846722,-0.1578111458093096,0.028819690751152843,0.20389620568854494,0.2714724661526847,0.012794641768479775
0.8444732576635032,-0.9656714658335934,1.1330411535730138,-0.2492569291369689,-0.2701244295433462,0.20940789154225348,-0.08633402801057333,-0.19809930666863196
0.9951600711291968,-0.1871835350371009,0.03135329634745371,-0.47205901984941245,0.07086948958852948,-0.46678838899352815,-0.04014088709770125,-0.004292668891501095
0.5528773376075057,-0.9749182157046561,-0.013633215645056138,-0.06646357184326007,-0.1981788386059554,0.27348896213692475,-0.4013283533584693,0.04251843384408793
0.43973496248484856,0.13248492484128094,0.09271147202616417,-0.22905961975569816,0.894870833797195,-0.10287074832734477,-0.322232669537754,0.1516913786326956
0.16257230544982815,0.30441291336898657,-0.08292285258219768,-0.2918119826491941,-0.6056000219553177,0.08209238698805854,-0.2579523845732751,-0.05752197675988213
-0.4490365756774639,0.5186688006302617,-0.2482007080359751,0.12534115336169965,0.2949034527282812,-0.015246533705314036,0.18111572675498266,0.04913896919025368
-0.3132426376332772,0.42393409061176535,-0.2741090244770495,0.18767143645940237,-0.031163449211091904,-0.2351076599665166,-0.26967864156724053,-0.14645565729775162
0.2910884156035882,0.36571920763150334,0.8414394645262717,0.08636082689099195,-0.8273292567137726,0.09270134172960509,-0.11249689607516444,-0.021296779748775863
0.6457519878443163,0.04791911294337248,-0.05721255981700553,-0.19550975407866453,0.5505131270691579,0.40537951921386406,0.04545197248097199,0.07229896541045927
-0.48184414752312044,0.5217261698657759,-0.28034253175136126,0.16371115208776815,0.29183444228114697,-0.0004989960548358319,0.15365859499104362,0.01668881099569014
-0.19174533551535425,0.4708457062507564,-0.26832605173637536,0.12889012315883946,-0.15302640935282938,0.18445067969384232,-0.32199702057430013,-0.2489006980649363
-0.2568078846145344,0.548314944836252,1.064528695524893,0.01788813726910865,0.1831798427195013,-0.09238086105899734,-0.21678856425032655,0.08926663278731567
0.9183992816731199,-0.1342846190616811,0.003979015166614905,-0.09344583618663649,-0.16615130108720813,-0.3079299765633323,-0.2858170995006266,0.5152848475457539
-0.07458130569842486,0.3902368553048431,-0.4118685943814723,0.19206851412422982,-0.4502698311462343,0.24695498414438455,0.18737106596653635,-0.021414473045793803
-0.2267138994759516,0.3820677204652291,-0.39321100981478074,0.27398815933110937,-0.2393701614642942,-0.34694930012867364,-0.1540064980072529,-0.2660966197316865
-0.8022881442693051,-0.419982302526718,-0.0859708272668654,0.1123751789920337,0.07052295309775894,0.18813574307329972,-0.00016704907059722496,0.3079897681531975
0.843453175536665,-0.026107834959934073,-0.23603086375311672,0.030704442332534165,0.11425895374197406,0.018027533158824882,-0.17142552255028076,-0.34777751975045057
-0.24114099501786695,0.5147623519894905,0.15449834833457188,-0.44073249384867386,0.30027276218118315,0.33324145230031377,-0.4376452524001865,-0.11603787239689478
-0.43824865901657833,0.5877914188710135,0.02625766376075178,-0.04013691926630364,0.2693964873211606,0.016412141568809657,-0.44701253843433386,0.37203891184496857
-0.07390192477019963,0.5296979847887117,0.8557662033202328,-0.19084051989042253,0.12001414127166912,0.27601514120020587,0.45469683696447205,-0.5936745587784116
0.1968122179813836,0.2811051845738901,-0.11311560095222083,-0.4467954108639556,-0.3941380410643909,0.021240931194464796,-0.11931005535159267,-0.41010365162736506
-0.31901575521732795,0.41479866693897505,-0.30320934375747277,0.13328325713442496,0.0160973656441587,-0.07987687138922772,0.19053745220523938,0.015200230929363456
0.2565731381532542,0.25949859029671685,-0.043910205803388475,-0.5035818675020594,-0.5430241105317523,0.05026632804658149,-0.1753810857117254,-0.13784299746030015
0.9290210887751758,-0.07205143889173726,-0.19846808121288317,-0.06366473823947022,-0.07076403415845359,0.24081142148995238,0.17216378258915455,0.1562771309657835
-0.5619549716488124,-0.5094806075707429,0.034779204866685356,-0.16370680541516658,-0.14725477709832172,-0.1485415810978361,-0.24508803222606435,-0.08270483104257492
0.5168925252595573,0.02235690735156126,-0.3982317580112806,0.5489294541959828,0.2217681860318386,-0.3040474678320535,-0.25742485904087,-0.1055684292089048
-0.22271828397167992,0.51654876062659,-0.09904290599900122,-0.10809431622573501,0.0721086093928889,0.311215078769181,-0.3973744644804853,-0.12908352520779565
-0.6825436440665411,-0.44565836278162485,0.0345483083391281,-0.23744680466238144,0.15912996330171134,0.08476614577309505,0.1734601992342438,0.07711410015497039
-0.3139596942281917,0.5333503425177198,0.5273708082250401,0.6223078651383958,-0.06599365375663493,-0.09529996902703153,0.39137474914963233,-0.18141765184151099
-0.31352421242178374,0.41889363619126574,-0.29347987762995487,0.10899531087148334,0.008910399662043461,-0.08201974117335287,0.20231609628933678,0.04559669396548721
0.9648829367697149,-0.0651064569933889,-0.13030936222383216,-0.17828154383170455,-0.0379774524149252,0.07162020458793983,-0.2156438055802784,-0.08194785146174566
-0.7472366673293884,-0.4670756482448772,-0.24277029286845092,0.22001438514301302,-0.004240393205965004,0.06284282484062875,0.1360766128941739,-0.0701433850721998
-0.6298084941422504,-0.5397422449913325,-0.3107605244623712,0.26742899026923433,-0.2511774456416631,-0.037263673984664125,0.20888803667331218,-0.1107805882845519
-0.1856488443373129,0.43101291051957136,-0.31324505025464167,0.09178100392644323,-0.13536381188809538,0.33886771893803913,0.10745486650092692,-0.07885862037416691
0.3115510204758424,-0.9834367004108262,-0.11522776023388914,0.037458194906451914,0.20605777654956,-0.07209842226919128,0.2280855833435999,-0.014100260756967853
0.12479601978060506,-0.7292818091365224,0.7006456669473846,0.8739963977898284,0.1880413285455075,-0.04056229371011211,-0.2372208142195304,-0.006581066660434287
-0.13638562217726147,0.5021587326062186,0.903969583194108,-0.06374478609509332,0.1062665933552219,-0.21231727357990526,-0.0036636017444016677,-0.29832673771942175
-0.3406808853798356,0.46543881340314963,-0.2865842964481282,0.20791411503337348,0.013040997415168842,-0.2463778762901031,-0.2206221163874037,-0.18690473612130593
-0.7374678787225926,-0.4348276444737121,-0.004289812427188899,-0.19076259516313293,0.28252421001001726,0.06337157313354425,0.201705607464433,-0.13373514596534858
0.8637667025257598,-0.0853364391154835,-0.2427062982950467,0.005836982941028357,-0.002338596009536703,0.22840775654346746,0.14853735044338257,0.016150638113270444
0.8140183669109025,-0.010373897144572153,-0.3484913742256156,0.018561343826529242,0.20958193527032645,0.15550474900386102,0.34530836296453216,-0.31771462144981033
-0.388842670542982,-0.6724368112981369,-0.011366545872270761,-0.24896909515792798,-0.37300041512114224,-0.2259165498148452,-0.2352640296372726,-0.2367854202383841
-0.6035389353161799,-0.49803351551101743,-0.3046168156273089,0.1648781031008401,-0.17796279911212343,-0.04165130111704762,0.30595269014622684,-0.20311742408754543
0.539049678842555,0.19379060319191455,0.0011439783770323814,-0.36430935065624676,0.9080477874434268,0.5044571080670495,0.10848517616177383,-0.035721395304212034
-0.46702258967608873,0.5159956012154981,-0.25928871776837864,0.14423065521019468,0.2845171092031672,-0.002643514336270192,0.15394025410382345,0.046137400460948885
-0.22551020412227224,0.3883095318518953,-0.378316332128876,0.2662042742386926,-0.23545331948752637,-0.3484180839364017,-0.14723586108136383,-0.2508815157917086
0.0523821812489903,0.19963853685971245,-0.1735611171437325,-0.31253491380209264,-0.29879495727411987,-0.2956369631764918,0.3768816693968523,-0.00024201758943148688
-0.0854655847453834,0.5107290025129271,0.016015738637717977,-0.2893246929842368,-0.13952956231657274,0.3647252788360522,-0.41926433908762206,0.2638338592376554
-0.6714941296407387,-0.3455961084925513,0.8783275993303123,0.4563975227200408,-0.1169330964896737,0.020492463937209382,-0.2539107356533535,0.09406375048521881
-0.1360002498243521,0.4186155566649764,-0.4862779621190354,0.24446479855097197,-0.2950373463830561,0.21510511696889156,0.25673596651577146,-0.30097602283488123
-0.2521115601858309,0.4760219784905485,-0.37767326169241555,0.1847057892446538,-0.07570505632295937,0.33694448060259763,0.13180501663096417,-0.2026492437110603
-0.13596846084875192,0.24641864862031293,-0.15457697854883035,-0.05056234733210779,-0.22528647168943405,-0.7423568587788643,-0.11676170243142392,0.14899769789444334
0.6090840414860179,0.05304274572927192,-0.4746214538534399,0.5101552818845634,0.14710350912259,0.263433850316541,0.13663985824540556,-0.09755741687957575
-0.7314930948078071,-0.4186912957297996,-0.24118758500972898,0.22505016713939346,-0.060066074261396596,0.05363999037889511,0.19371032463674787,0.06832484853365911
-0.5820359219799333,-0.500843424377081,-0.01687983521598438,-0.1918411632408793,-0.014493084328757594,-0.17471699834817156,-0.1730431750019315,-0.32655780628313613
-0.37518639527994607,0.4723190905810343,-0.3804334607201604,0.23282837951242202,0.0915952858416215,-0.11377418779463389,0.2712139886432372,-0.10980876187294569
-0.6596333860929353,-0.43776147516269015,-0.13794017413371581,0.06302218035086621,-0.021998794121850213,-0.09481075870789235,-0.22599796086396556,-0.1992808653659451
-0.6764598097011026,-0.41907249368669053,-0.07187058952543261,0.020725584866394475,0.023480341740891003,0.6106974579878273,-0.08520096653695919,0.044916896394094685
-0.6158508780561072,-0.5208942320956929,-0.02373815164276155,0.08146382125613566,-0.2995732598444952,0.15060891838217239,-0.0323498206495797,0.5073527682039329
-0.8464505270038887,-0.4254080701446915,-0.10881219763071473,0.13066596254818136,0.17256203693707708,0.1828718994093501,-0.0020015530569117423,0.12114350214161468
1.019607892310337,-0.06934994472341027,-0.0838408225911521,-0.21721322848816363,-0.13902458060391895,0.09219241336131123,-0.23762924663548413,0.09950926785060638
0.5410967711893618,0.12633432214361862,0.8117002897782811,0.33772060487368044,0.5974267912170305,-0.036135168730114575,0.3089776432983546,0.019850617389814917
0.7580761597697465,-0.012284543531349001,-0.3352407571467302,0.3405715985546783,0.03368962835041592,0.11828042584240483,-0.3342879477149112,-0.12644863348646063
-0.3341787758499604,0.39975106217454137,-0.3179345807648466,0.1740828338918458,-0.009329217028195669,-0.07404567537625462,0.15156934163166114,0.03079040941079686
-0.7639031155937973,-0.429295600486929,-0.265241456526736,0.22816535489369288,0.02368283964985568,0.03745218991733523,0.20520756988022765,-0.07953308214505744
0.42478550347655863,0.20432194682702653,-0.30957313316446433,0.38354872315441774,0.5259081153461972,0.4609116704852392,0.004761383973184763,0.21060069771151574
-0.7028743822398134,-0.4275025600859513,0.08729394632962076,-0.22704064369443733,0.2117522699537994,-0.08025263087572454,-0.2581375818789163,-0.20200010556004347
0.963309019023791,-0.08973735060301646,-0.17343130881041818,-0.1097063994016319,-0.11389075998907586,0.22476271262888003,0.1841924745188005,0.2595268589692809
-0.5036790088131433,-0.5633557095644106,0.06372484643444029,-0.3157684065593177,-0.08754533681897962,-0.1510308408753369,-0.23262456590766895,-0.20157163294508698
0.14589060591446368,-0.8639715733521981,-0.0916917062753052,0.3605314052326775,0.21801457774754776,-0.04519657826497514,-0.43494536615352486,0.33083077191952465
-0.7594725493781291,-0.4075611306412571,-0.03924336977783269,0.06385178619876614,0.14969137098550703,-0.017551578485054398,-0.34559180585262206,-0.00557447758306856
-0.43443312503970005,-0.6122436469128707,-0.08112495235583847,-0.1546395452407065,-0.30116974154487075,-0.2768562334773186,-0.1303616266670793,-0.3289761686200696
-0.8136516114923287,-0.4158271763896738,-0.10998798030198542,0.09312230341481137,0.20481053887549097,0.15702121846599892,0.06506509525463153,0.08675805827881783
0.8801353486355727,-0.017710099848963212,-0.17265122817757045,0.12931044516254758,-0.1870792683032452,0.10348384201990135,-0.33035518917021833,0.13280313958529172
0.5749962426502517,-0.07175057408320151,0.0006282056543084891,0.06032827638921151,0.2660564719113867,-0.5016031798434082,0.15132327541966278,0.8418697887339659
0.6802451750673446,-0.1464623125059662,-0.1202961752140553,0.07855697762718433,0.1898309028982503,-0.8051407959504959,-0.12291450640196416,0.23012595500226468
0.22844454254776048,0.19108816552634034,0.061261777746503945,-0.4786427702770344,-0.6722781809572973,-0.3307938770725789,-0.20951653397835796,0.4335425497501972
0.37574475595613566,-0.968387041931279,-0.081778241964169,0.006278541630000856,0.006927342959751309,-0.034787173860655995,0.20032194313889667,0.31968071845520357
-0.09421397565495115,0.36518108920025616,0.12251750432101886,-0.8663058322925331,0.32871693729129725,-0.1267196309531099,0.3875091891117467,-0.21326632444793805
-0.6556976282308251,-0.4635245248509261,0.055605187714735715,-0.3738306239346628,0.23431419323662636,0.07402546192387471,0.22015649528880438,-0.028239077008580582
0.9869933163767135,-0.04696747959059666,-0.10037622018424765,-0.1561707955285931,-0.12154315546686259,0.07936242448404396,-0.2232858272292474,0.08896957433668623
-0.11088855193996633,0.3608919680250383,0.17357956141073805,-0.6439090042755315,0.12256632444766427,-0.2830647191603388,-0.1719581565445492,-0.08323807436180147
0.7448951637402621,0.004538452015401484,-0.3710905481765925,0.3221850105059378,-2.6643786956243032e-05,0.2997762020577548,0.10232013113896288,0.15943990171647154
-0.7693861890051158,-0.4494134363595572,-0.011609193350258423,-0.006794667279619637,0.1530363767421126,0.1903205407382107,0.002206570704321953,0.21398551125506243
-0.2581983788699229,0.6130812268314744,0.6774415917326188,0.4349534862101542,0.035727182008845754,0.45491897766386646,0.20829163268752818,-0.2008031610419283
0.9648642472538587,0.09508385728010382,0.7009092795340179,0.5310797888758358,-0.3659096930679998,0.10216216317320415,-0.12040234006851336,0.1073869185874296
-0.44821526977387494,-0.48810729949572235,0.1277143165711241,-0.4567843088154607,-0.05473682918532921,0.5281335554195705,0.052888245145499,0.11009292174340451
0.6235123945343302,-0.12470751936489488,-0.2489509039175033,0.040831513051981905,0.3698309535469476,-0.6975235204691799,0.4456142657875817,0.14983945001977345
0.2600164499629588,-0.9293935036945384,-0.16367856491349508,0.20494027037079648,0.21664488878998991,-0.2576882188676728,-0.17528226091079185,-0.28316573126731504
0.07540201555960141,0.2928654435192076,0.8645281450635407,0.11578721878519277,-0.48496583064931287,-0.8268524261046791,0.14063570342620094,0.1543763451919235
-0.4426825416124648,0.5595100439796895,-0.0005706307869715044,-0.06869660664333999,0.27250281998043446,0.16133780178503576,-0.00953759959231959,0.6127295093713294
-0.007377149105812775,0.4383045084184348,0.09954285059953989,-0.502623467753499,-0.18690328433103962,0.4394769255650739,0.05775907162552313,0.45703873447864146
-0.26846945561968993,0.601743060088688,0.8063656539552697,0.4971271689302737,-0.20011742233099336,-0.07523534676680854,-0.23896442051003125,0.33318288835394466
-0.035840020124134564,0.45583376313027546,0.06825122675751506,-0.5397994495098967,-0.01711204431171745,0.24030305644622763,-0.28451696053650977,-0.0705606499789363
0.02843689011533318,0.34987732686716655,-0.0719677886458933,-0.5985367950776062,-0.038408111756604996,0.16786034685643814,0.3603360274345485,-0.44319726183476693
0.5806475764425438,0.12482814092283046,-0.0936395499165703,-0.040777303246138985,0.5679967350957021,0.2198071777305204,-0.33851129731281127,-0.1710295278236692
-0.38400187806894825,0.4876342255460008,-0.21789153977321252,0.023866865524260317,0.2520177918665536,-0.02541080796282147,0.1994770763675583,0.13309729614139415
-0.08956341298836862,0.32597959181580693,-0.04617207857815295,-0.37086943487579865,-0.05653059516356898,-0.30620620283778943,-0.15463327462420007,-0.16479752366205286
0.2087391377735548,-0.8383902759869722,0.20695319673351692,-0.4012722211580633,0.7272903497295541,-0.13619275019959942,-0.177683781069714,-0.23737905086669306
0.4020903717297668,0.07089160622507107,-0.3368968475685356,0.4618550036357771,0.4824191327745566,-0.05984769277043789,0.11372904400404055,0.1789907544821478
-0.2847947626771315,-0.6775372975991056,0.02987105977851659,-0.3706468309372171,-0.5205700575789121,-0.05530175381490099,0.22729166477395638,0.28948601943883917
0.198109813129974,0.26526332988196144,-0.13285053228588312,-0.41389810170005276,-0.46861522267554967,0.18285892553002014,0.28487341043786474,-0.04652438356841826
0.8796578403040858,-0.03201997527425626,-0.20953454102393287,0.0006189379209833867,-0.015020662745836605,0.04534301814650754,-0.21023001333864422,-0.13513132673049177
0.6370866380979383,0.06568051159726673,-0.4756665641044395,0.5285592764841189,0.13347436923306336,0.10077974867461426,-0.2783581393665566,-0.3481699435177965
-0.2091225051135296,0.44373486593591005,1.2216195641753356,-0.4732537320366727,0.4357338678388344,-0.6156772569832504,0.045889226685049245,-0.08472945566378315
-0.2552789220488756,0.5188454135924537,-0.007185010199278571,-0.4469790312614097,0.3836716153802828,0.44537623059863596,0.11254566342219968,-0.10146647176268131
0.7158617520762198,0.146919492784237,0.9241284171673414,0.21465719801827482,0.4018913111085739,0.27835183481192916,-0.2699046407795085,-0.20721525129124685
-0.2519913127912964,0.37994101024148674,-0.16021685175260075,0.0973413877637141,-0.10398655609959884,-0.2247075434125918,-0.3223299244459785,0.04639385455726702
-0.4202866947482799,-0.6031346650884082,-0.13437838405090616,-0.16287139516485855,-0.2779256189194497,-0.3059669686625275,-0.061197152360951024,-0.3919723748223215
0.4090981012249987,-0.9448089047557049,-0.19689279732038023,0.048330105463225415,0.10065615604651759,0.34634959016263966,0.1682224365834819,-0.2421917889175783
-0.8076947344943192,-0.38863002117384987,-0.036898401468635336,0.10505522324332278,0.12503612973919256,0.19221061779950843,0.020596471591814824,0.2788051604578407
-0.376762277734148,0.48877771914140544,-0.13321370173461333,-0.059035488222794974,0.25353155782713577,0.026908461815392748,0.14440142506874287,0.16493430014268168
-0.4459866854800821,0.49856314898045706,-0.25891678391889306,0.12550391309060444,0.26113401505283873,-0.009794836909746696,0.1538606076620268,0.07832728726184629
-0.14760781610553358,-0.5991146050108438,0.09473581318387543,-0.3376096752994019,-0.7581768450048197,0.227787225562589,-0.307616262253802,0.16153525031531818
-0.10548295815010911,-0.7073802944097157,-0.16603003085695528,0.4494697262596706,0.684290420898221,0.02135995722832451,-0.4013644256671005,-0.03169163156842264
1.007602542175038,-0.06657582658206518,-0.08365458427797275,-0.19103332286251715,-0.15296062175269518,0.08440978811007482,-0.240663935716121,0.1396249916107381
-0.4704732781727626,0.5059892453732996,-0.2396302153577185,0.14385891406518797,0.2703869232044992,0.014262689134334039,0.1156581071524635,0.06698480383515854
-0.19519077890491887,0.3602485517463686,-0.3933537057018805,0.24298957667359683,-0.31439200562480296,-0.18209383940926815,0.2647631075037369,0.10496714956412062
-0.03518407218103653,-0.6670787137303457,0.19000254688242574,-0.612073364947634,-0.8138546532659843,0.3047512954263416,-0.3758332992276975,0.20626089493525285
-0.6243718747774667,-0.530262314664558,-0.07485589850787067,-0.1347498848399296,0.005165604241723992,-0.017750723175092853,0.22229643215754213,-0.15903506757942215
0.050468025147142215,0.4236190027688328,0.20194539417648172,-0.5595884625660067,-0.2674399797156849,0.30218484028168446,-0.42150034716937956,0.38543597212373454
-0.44624964749582324,-0.617545379413471,-0.12067404315560738,-0.1809222348939059,-0.25257546889397264,-0.13544608825781046,0.34181217166299394,-0.16232672751215388
-0.22124602151252143,0.4456236792752243,0.011192138289780218,-0.41755023366849553,0.2570236609673868,-0.22241369818128431,-0.1536557146878636,-0.19843797649493053
1.0104628659653425,-0.04110819210850247,-0.07725553904853806,-0.14058385378350585,-0.2167892681243583,0.09933939347747878,-0.25419532923783017,0.25102114788453206
0.02762147375393198,0.313401468955666,-0.25272506059469424,-0.18628286813388686,-0.3352338902913282,0.16623225684148624,0.2751835800193594,-0.30723619973385247
-0.1613084483293999,0.3269908638540082,-0.3467018533423853,0.10964647857042492,-0.2361725865531803,-0.1757625143489837,0.27114947256281435,-0.015971321482083856
-0.15626200242138666,0.35764093974825306,-0.3490976284698103,0.2350593144635698,-0.36345448028145433,-0.3324902651538083,-0.18671814012979315,-0.05950219242175253
0.0640378804474383,0.3982439506487411,-0.023335186987252357,-0.2899888951878926,-0.4956409959591036,0.34076416855572056,0.1059328149994706,0.489100435655297
-0.7990167932092789,-0.42504112517196846,-0.008200168638644159,0.08988494412030407,0.064599212047081,0.21638767528331804,-0.05350502363866699,0.36378571005348753
0.058095890054775334,0.3951246203292472,0.41785947806599966,-1.1596699574186458,0.2923356204398261,0.2870746097514769,-0.30442205182948623,-0.1907179087723515
-0.155407494262863,-0.5980313099656795,0.08491410458388539,-0.4438233983431703,-0.6422440939882145,0.23827167890779055,-0.2713258105983213,-0.05131257717317372
-0.5865442367851023,-0.5297637173403467,-0.22911776093428943,0.23610592456582863,-0.30229495704988785,-0.1926349657448303,-0.22747017204670278,-0.21544742964499405
-0.6576465597737553,-0.4620849593561019,0.05731726026580644,-0.36965521511643373,0.24366887616772945,0.07755439094422911,0.2166314379340486,-0.04697836242121661
-0.4381165543978801,0.5231625014783917,-0.175925522363384,0.1301878573708251,0.23676034284707662,-0.14014516548466083,-0.31559884819274786,-0.08227826925295695
-0.2259591648147706,0.4831607599059916,-0.1364453981861359,-0.06759620237183178,-0.037019981561277365,0.47981526186307333,-0.02257159106039297,0.2609189615183746
0.1378611098482223,0.39662172326392897,0.6762294278836696,0.23307552826804295,-0.6661744129785848,0.21045157994782637,0.37141328549331765,-0.0888854387636574
-0.5939524731277306,-0.5236838504513728,-0.27227590152633774,0.25262551271079886,-0.29752445165374647,-0.2062603991147609,-0.19987141272688075,-0.24699449363619727
-0.7976047304426446,-0.3267043482364282,0.7513520235573603,0.5482626061757876,0.08861440910760135,0.17630930915831478,0.19707981958994913,-0.07822412090388259
-0.18955668351090554,0.5760393751386811,0.45937632649955695,0.5887482086394737,-0.1721172192929403,0.3045573891113813,0.3752023276978379,-0.37505480849966505
-0.32364000442237256,0.40407795895356646,-0.30117958564469344,0.16816368594858838,-0.005780273683224729,-0.08748565021013566,0.1719193951549468,0.05665245430235338
0.030627936705599046,0.2071490829200635,0.02224970319301893,-0.3675503726435526,-0.387893364645049,-0.798140075447866,-0.052031759445703485,0.33871755346480675
-0.6762409158908433,-0.45162579641881057,-0.09941619795184944,0.16675333740991866,-0.22297101830866803,0.11474612893747049,0.06487214568147631,0.39755138490423064
0.623908081692226,-0.008734744546312845,-0.3339444173734698,0.454666694821565,0.06614406345919047,-0.31506502125510216,-0.24955441444992765,0.1974261202742877
0.4566685683314178,-0.9412071188808997,-0.18584135284110925,-0.04785157526246869,0.06109939515676918,0.5069171524274914,0.6450711283845316,0.10000308212863235
-0.08564093955308344,0.28517729072456144,-0.27775566147690195,-0.17056359628744905,-0.18718282595877148,-0.25953018773973224,0.3792827814718423,-0.2500490414555966
-0.766623952999878,-0.37351535609881187,0.1807866673045243,-0.19597180803194486,0.18504241571889093,0.3343558110844358,-0.0942135580074977,0.6845326218472467
-0.24794637821097798,0.5570841032983703,1.0571365124994796,-0.059210647163338626,0.19644749316087115,-0.07003461706316949,-0.20189471172396478,0.04356489399812652
0.9125658221299238,-0.10177119190090855,-0.05756032603306846,-0.25730222183881646,0.08975560296783056,-0.36955765955281816,-0.08525687577464014,0.1113036729627303
-0.06752179805107816,0.3741943734036933,-0.3907366706895924,0.13122468650633873,-0.3661670341608766,0.22523444747080212,0.21941300850475956,-0.13052203081972957
-0.5301232840089368,-0.5271812725948202,0.4233579915359313,-0.9653921620737833,0.4152169595125824,0.11651959880520368,0.18292341358516587,0.08798059768074779
-0.5133355154704133,-0.542053076517308,0.05215588576871091,-0.3137678320224161,-0.06466018682385091,-0.1596872797565454,-0.19848577844826448,-0.22554224660318298
0.05710486601810705,0.33187169470964983,-0.3013986507044075,-0.23317579947478015,-0.28351517453384933,0.13754732343887666,0.37360706836483437,-0.41446744602903196
-0.7202111386045114,-0.33815566871396235,0.767976063880907,0.4677218645720829,0.0743390070038771,0.11900369969929803,0.29445018365807335,-5.045198973735454e-05
0.049057981346095514,0.4853730804902562,0.5130369820254951,0.5903355012371738,-0.741316270937533,0.2848751010712185,0.3213106419894052,0.1304988917869609
-0.41881690184349524,0.4365452126789263,-0.16494549763669647,0.0824803842382435,0.1766275644085227,0.041169838550196625,0.01546472063818527,0.21962819131693884
-0.5579533095206289,-0.5045344560904748,0.1816616316765921,-0.4570435819150829,0.11924780450101372,-0.0821456849505745,-0.25486546003908545,-0.023352477583232056
-0.7410026280927784,-0.40024629616494134,-0.02119951812797749,-0.22844971099913408,0.3071931745126327,0.04826330669710144,0.27260677573558484,-0.14564684801952538
0.6478888577869748,0.04537527292062293,-0.4512065886467864,0.5052084875673171,0.04317937408622266,0.2874597977154194,0.09790930257359859,0.06138697263222331
-0.4613965403689695,0.5172235342559505,0.009231110792926517,-0.030717822432038577,0.3791935800969376,-0.030525080437971974,-0.46200121929701277,0.17608215692793644
0.14695986718069953,0.3018839071536036,-0.20352209946426558,-0.3230153264752006,-0.4342823862267854,0.157439949245604,0.3310699886526589,-0.11431569520985663
